Jrainlau,前端开发工程师 | 腾讯,"7,681","261,514","11,102"
Jrainlau,前端开发工程师 | 腾讯,"7,681","261,514","11,102"
SegmentFault思否,吉祥物 | SegmentFault思否,"39,472","1,061,888",412
想念小鱼干的清蒸,啊秋,30,"1,897",46
美团技术团队,美团小编 | 美团,"14,422","715,319","21,605"
Jrainlau,前端开发工程师 | 腾讯,"7,681","261,515","11,102"
SegmentFault思否,吉祥物 | SegmentFault思否,"39,472","1,061,888",412
想念小鱼干的清蒸,啊秋,30,"1,897",46
美团技术团队,美团小编 | 美团,"14,422","715,320","21,605"
谭光志,前端 | 铂金智慧,"12,478","389,861","16,376"
NeXT,Android | 前掘金,"34,524","854,785",631
francistao,,"7,458","174,666",915
糖炒小虾_txx,联合创始人 | 礼物说,288,"17,453",431
崔庆才丨静觅,工程师 | 微软（中国）有限公司,"4,336","402,647","8,676"
掘金酱,❤首席客服君 | 掘金,"5,614","953,206","15,354"
mPaaS,mPaaS 官方专栏号 | 蚂蚁集团,"1,789","228,718","4,136"
sunshine小小倩,前端工程师 | ELEME,"19,540","743,011","26,881"
xiangcman,北京 android开发 | 知乎,709,"73,474","1,443"
掘金翻译计划,掘金,"1,383","324,580","4,628"
灵性选手,软件工程师 | 小米,16,"2,790",43
TianTianUp,公众号 | 天天Up | 腾讯,"17,836","691,209","24,753"
BreakingNews,,186,"59,628","2,184"
星星y,Android,635,"85,135","1,513"
众成翻译,翻译，求知的另一种表达,"8,150","292,384",513
iMononoke,公众号 | 芳菲林,22,"8,574",105
子弈,前端 | Alibaba,"10,884","649,624","17,380"
阿布量化,遛狗看孩子人员 | 家里蹲,257,"10,375",465
技术胖,程序员 | 宇宙IT技术开发集团,"31,593","816,129","36,958"
rocYoung,,"1,368","30,391","1,672"
却把清梅嗅,Android,"2,820","215,893","4,978"
葡萄味的ta,资深运营专员，总执行长 | 独立工作室,,,
peen,阿里巴巴@前端 | 公众号：@前端加加，阿里巴巴,"2,076","105,081","2,874"
邵威儒,深圳,379,"18,346","3,088"
水墨寒,前端 | 易快报,"2,638","106,999","1,368"
齐翊,打杂 | 政采云,"1,227","81,083","2,642"
Di调,,,,
zhisheng,Java | zhisheng,298,"44,858",825
倾心本尊,web前端,,,
Tonychen,前端工程师,560,"62,270","1,180"
